caseId,lifecycleCondition,consentVersion,actorConfiguration,requestedPurpose,scopeCondition,requestType,adversarialScenario,expectedOutcome,actualOutcome,exactDenialReason,requestId,transactionHash,blockNumber,transactionIndex,logIndex,consentHash,pass
"VCEM-01","active-initial","1","authorized","treatment","valid","nominal","nominal-control","authorized","authorized","","0xf349ef6af3c6bb6c1c41f3b5d54399c4f648f558b2cf889f0d52b8298d5355d7","0xa3b17df5df1216db74cb7ff3fa4deb051fa841b9ddb375db64cf16e7387fea92","750","0","0","0xfbe51a91d617228098e46ffb1fecca3c42e6a0e2d77327f147c3b1aeb82f7c08",true
"VCEM-01","active-initial","1","authorized","treatment","valid","adversarial","stale-consent-hash","denied","denied","VCEMAudit: outdated consent hash","0x4bb2f4da45746b59ac7b8f8a9452d8b2b9b44abe87271009f48ef63ff5f4bf72","","","","","0xfbe51a91d617228098e46ffb1fecca3c42e6a0e2d77327f147c3b1aeb82f7c08",true
"VCEM-02","active-initial","1","unauthorized","treatment","valid","nominal","nominal-control","denied","denied","VCEMAudit: actor denied","0x3c329992abc32bf3465e14cdc942fd3bbb170510560f9838b359e75f3ce5c734","","","","","0x2042072a96ea3ae6d45b7c77d3a71bab357532649ce4954f02e0a1039d7b3774",true
"VCEM-02","active-initial","1","unauthorized","treatment","valid","adversarial","unauthorized-active-researcher","denied","denied","VCEMAudit: actor denied","0xf35d83b1e95c9247a9075aca55093837fb1d63fe3ba09384f9f5cfb82fc5459b","","","","","0x2042072a96ea3ae6d45b7c77d3a71bab357532649ce4954f02e0a1039d7b3774",true
"VCEM-03","active-initial","1","removed-after-modification","treatment","valid","nominal","nominal-control","authorized","authorized","","0xc558648b3640c1a6708448a478b31f0a6afa9a609804d7f862285ffb6148203e","0x755f88f1e4c7d4f0be6ae7cba2b41200620203c8238caf84c9e4672ce0c7a1c6","782","0","0","0x50e34e99eeee195b18e2588759a7bf1a13fdb2d11a45507bfacf11ebaa9355f0",true
"VCEM-03","active-initial","1","removed-after-modification","treatment","valid","adversarial","stale-actor-root","denied","denied","VCEMAudit: outdated consent hash","0x54b14c1c8a357243a084a11dffed4473349e3071d63e347de31ca5bd0e422c5c","","","","","0x50e34e99eeee195b18e2588759a7bf1a13fdb2d11a45507bfacf11ebaa9355f0",true
"VCEM-04","active-initial","1","newly-added","treatment","valid","nominal","nominal-control","denied","denied","VCEMAudit: actor denied","0x7160549de44fd6a60d1849e30b2b8f91834af99e1ad83dc7383a76d263b82cc6","","","","","0x25c09feca3f28a09d7944e26a4cb1451a3ccf6b620b5420cf509157ca16e62d2",true
"VCEM-04","active-initial","1","newly-added","treatment","valid","adversarial","actor-added-after-update","denied","denied","VCEMAudit: actor denied","0x08d87130adf7bd8ba03e9d80b36a9955dc3c97116bf8ed48469ea8b1c08f0927","","","","","0x25c09feca3f28a09d7944e26a4cb1451a3ccf6b620b5420cf509157ca16e62d2",true
"VCEM-05","active-initial","1","revoked-or-mismatched","treatment","valid","nominal","nominal-control","denied","denied","VCEMAudit: inactive requestor","0x67d7d3059fa3704b262ccfa2cf21533e42ac05eb39863f2bbd5921c4fe13d15c","","","","","0x72fa109d8051a99d3b73e9c27a6ba9d7a1119ff8c28504187057c00634b54d2f",true
"VCEM-05","active-initial","1","revoked-or-mismatched","treatment","valid","adversarial","active-role-mismatched-actor","denied","denied","VCEMAudit: inactive requestor","0x21fb9b3ff9a1a8d4f9c8639e4b42a31f858d6a5a2d4d6e7664a87057e23454c2","","","","","0x72fa109d8051a99d3b73e9c27a6ba9d7a1119ff8c28504187057c00634b54d2f",true
"VCEM-06","active-initial","1","authorized","research","valid","nominal","nominal-control","authorized","authorized","","0x55106b73d7a6c5d84186687c355c32ee6670a4c82ed92f4ae85c8c695c36be30","0xef4f73913b1e2bb00a86898c08dd0fd4dce5076e5a3d43f6f62f291e32327a11","832","0","0","0x4641cbae59f137ff7584efed00fcb0ddfe3e50c9446fde1203e5077cbd7a2abf",true
"VCEM-06","active-initial","1","authorized","research","invalid","adversarial","invalid-scope","denied","denied","VCEMAudit: scope denied","0x1a2097309e165ad53de7c364eb7d2cf55884a2f08a0ba3d083b9bb18b4fa8c7b","","","","","0x4641cbae59f137ff7584efed00fcb0ddfe3e50c9446fde1203e5077cbd7a2abf",true
"VCEM-07","active-initial","1","unauthorized","research","valid","nominal","nominal-control","denied","denied","VCEMAudit: actor denied","0xb64aff32cf1fee385bd561a0f8aa7e0953484cf784cc0ae60a0a512635ba024a","","","","","0xfd9d25a354563c21b3863a3b82a50fc57bb72fba48d6c9e99c833139bef444cf",true
"VCEM-07","active-initial","1","unauthorized","research","valid","adversarial","unauthorized-active-researcher","denied","denied","VCEMAudit: actor denied","0x11ab20a759dc2a543f0b87a8792938b275d6ada6167d32236d76a6c8b612741f","","","","","0xfd9d25a354563c21b3863a3b82a50fc57bb72fba48d6c9e99c833139bef444cf",true
"VCEM-08","active-initial","1","removed-after-modification","research","valid","nominal","nominal-control","authorized","authorized","","0xe5d690def84397e56801917e90cb059e021685b35b17671186e54d1f7db13cec","0x9764446dbc2d9f92dbe6d80043ea7cfe3de68c3a7af4b28c9b920bc93cb0d56d","863","0","0","0xea8db37ddee967ede1987062bd467fa4b607e8720980b69955c794cdb4fbbb4f",true
"VCEM-08","active-initial","1","removed-after-modification","research","valid","adversarial","tampered-data-hash","denied","denied","VCEMAudit: data hash denied","0x169e3e00345962da1aef5ba427be8d2e9004861a19cf169f114897b2f08076d2","","","","","0xea8db37ddee967ede1987062bd467fa4b607e8720980b69955c794cdb4fbbb4f",true
"VCEM-09","active-initial","1","newly-added","research","valid","nominal","nominal-control","denied","denied","VCEMAudit: actor denied","0x1899afa0caf2aa80ecc6968b9870f52621228d5d7a6e8b1e44d44654d57ddbee","","","","","0x6d96da86c00ac3aa3951fcc4f84bea5edd13b135d7c0cf91a073d6ae40882884",true
"VCEM-09","active-initial","1","newly-added","research","valid","adversarial","actor-added-after-update","denied","denied","VCEMAudit: actor denied","0x0563b17a3e7937b553d3f0fafc7e25c31bd580148923e067ce2e5500eb12f508","","","","","0x6d96da86c00ac3aa3951fcc4f84bea5edd13b135d7c0cf91a073d6ae40882884",true
"VCEM-10","active-initial","1","revoked-or-mismatched","research","valid","nominal","nominal-control","denied","denied","VCEMAudit: inactive requestor","0x7135b21b0c1324659d9e792755472acf82c1819d3d242c72b41c45bb969cf63a","","","","","0xe8f19a5be20007463f921cc799021076b912b8f9e397a5792c1f3d4e3d4b224f",true
"VCEM-10","active-initial","1","revoked-or-mismatched","research","valid","adversarial","revoked-actor","denied","denied","VCEMAudit: inactive requestor","0x851e915da878b4ce7523eacc417997da062eb97324325c34c2a313a849ffe847","","","","","0xe8f19a5be20007463f921cc799021076b912b8f9e397a5792c1f3d4e3d4b224f",true
"VCEM-11","active-initial","1","authorized","public-health","valid","nominal","nominal-control","authorized","authorized","","0x9676c00cb447717c29d427dab9556d8189f0fdafefb40cbf83e6fdba6187dc49","0x56cfa4eee4818085f22cb9442dacf110ed3dd8b3b29e4d00486da7bb31911981","911","0","0","0xc937db820905035aa5c72162bba4a6f3b453de8b53d2e49a79d069568d9f0611",true
"VCEM-11","active-initial","1","authorized","public-health","valid","adversarial","tampered-signature","denied","denied","VCEMAudit: invalid signature","0xaf053f19f1e5ed3f74a78f889cbd725c3efe6c9de8422eef28403afed7632d04","","","","","0xc937db820905035aa5c72162bba4a6f3b453de8b53d2e49a79d069568d9f0611",true
"VCEM-12","active-initial","1","unauthorized","public-health","valid","nominal","nominal-control","denied","denied","VCEMAudit: actor denied","0xb9d7083821a21246cf08276affee278a75a14ba50618a114eef364260acdb70e","","","","","0xdbc2938ce515b19d49cf295edfbe79aaba36c294e88ea0b4160e2f182c809303",true
"VCEM-12","active-initial","1","unauthorized","public-health","valid","adversarial","unauthorized-active-researcher","denied","denied","VCEMAudit: actor denied","0xcc8589b4f86f477209ff3a85e403ef2ee89585bccf1397eb54fc942ca60ecfb7","","","","","0xdbc2938ce515b19d49cf295edfbe79aaba36c294e88ea0b4160e2f182c809303",true
"VCEM-13","active-initial","1","removed-after-modification","public-health","valid","nominal","nominal-control","authorized","authorized","","0x769a89fb1257a38c75af5cef779bc4941b25c57275d9decb468e075ee21d4959","0x2f09f83cd0ad63bd516f6706abff2a3a6800e8ee9e7f11488506f6ac5491b429","943","0","0","0x064374268d26492c2b950f5ce62d11a01acdb9b06f8b1ae9c5452221e087a340",true
"VCEM-13","active-initial","1","removed-after-modification","public-health","valid","adversarial","expired-request","denied","denied","VCEMAudit: expired request","0x2689f4036368883072643cb2fb4003cd5c10a1e35b7e81e49bbca7e7119fd817","","","","","0x064374268d26492c2b950f5ce62d11a01acdb9b06f8b1ae9c5452221e087a340",true
"VCEM-14","active-initial","1","newly-added","public-health","valid","nominal","nominal-control","denied","denied","VCEMAudit: actor denied","0x8d6e0f40c00cddc944602b296aaf21e7c27304e5ed0e744460bfb8e7836baf8d","","","","","0xf07bbe6bd8dff84f3ec718a2d164f3302bf08d8fd651f6129490797b9c2ca621",true
"VCEM-14","active-initial","1","newly-added","public-health","valid","adversarial","actor-added-after-update","denied","denied","VCEMAudit: actor denied","0x4736aa58cf3e6bb3371d10d125fd46c4e996f4c1e67ed26d1a612a17d3826d2a","","","","","0xf07bbe6bd8dff84f3ec718a2d164f3302bf08d8fd651f6129490797b9c2ca621",true
"VCEM-15","active-initial","1","revoked-or-mismatched","public-health","valid","nominal","nominal-control","denied","denied","VCEMAudit: inactive requestor","0x02e37a81544c9ccd817577182608296a3d25ecd0ecdc8f3abed6f2be02ad2d9b","","","","","0x887705b54a6cbb6fd7cf014bf7ab95425c12bc870645f1f9b6786763b70f1622",true
"VCEM-15","active-initial","1","revoked-or-mismatched","public-health","valid","adversarial","active-role-mismatched-actor","denied","denied","VCEMAudit: inactive requestor","0xcbc48c563728e023f17f1567bcb571d1d2ee864111f2108185264aa5f8a24431","","","","","0x887705b54a6cbb6fd7cf014bf7ab95425c12bc870645f1f9b6786763b70f1622",true
"VCEM-16","active-initial","1","authorized","other-disallowed","valid","nominal","nominal-control","denied","denied","VCEMAudit: purpose denied","0x993c470716ab7250b813719bdef45092bc176d353a39fa20a057ae11b048f983","","","","","0xb89e0361883d0bcd7a095e855c83cbd5f8cfa931e34b22c517e4ab5af75446ea",true
"VCEM-16","active-initial","1","authorized","other-disallowed","valid","adversarial","valid-policy-disallowed-purpose","denied","denied","VCEMAudit: purpose denied","0xa74650983bbeeb4c3733707939b2810c89d025c82259a265dc12b9c463b106ad","","","","","0xb89e0361883d0bcd7a095e855c83cbd5f8cfa931e34b22c517e4ab5af75446ea",true
"VCEM-17","active-initial","1","unauthorized","other-disallowed","valid","nominal","nominal-control","denied","denied","VCEMAudit: actor denied","0xbeeb886e39412680491736449d875df2ac73b7428899033688788aba462a9f65","","","","","0x130fad8b8ae4af5fc0d1a5ede65dbffcac24105361569fd1fc568f2fd9cf89ba",true
"VCEM-17","active-initial","1","unauthorized","other-disallowed","valid","adversarial","unauthorized-active-researcher","denied","denied","VCEMAudit: actor denied","0x81f276a60afb7019185f4445415221bc2c394a983b597d49accfb6be49e245e6","","","","","0x130fad8b8ae4af5fc0d1a5ede65dbffcac24105361569fd1fc568f2fd9cf89ba",true
"VCEM-18","active-initial","1","removed-after-modification","other-disallowed","valid","nominal","nominal-control","denied","denied","VCEMAudit: purpose denied","0x6d8bdd64a7a256989d67a9aa19b4117529d9076efa21b2ce581c71677658e912","","","","","0xa354b388e86db4e36d37f4a04c3f0e550ac9c9c38608fced5970cdafea7ac595",true
"VCEM-18","active-initial","1","removed-after-modification","other-disallowed","valid","adversarial","valid-policy-disallowed-purpose","denied","denied","VCEMAudit: purpose denied","0x35edb14ca4e1d4e69f5b9a2104e6324373333dd7e36c44480693278d253ca27b","","","","","0xa354b388e86db4e36d37f4a04c3f0e550ac9c9c38608fced5970cdafea7ac595",true
"VCEM-19","active-initial","1","newly-added","other-disallowed","valid","nominal","nominal-control","denied","denied","VCEMAudit: actor denied","0xb8b03eee437f4b6bddf84c45200152d11617fe5d59a18e13dff162b384c97944","","","","","0xdb966a8efa989f2ad9a354e9ca66814a1efc3fea23c05a90b7f1b5806b063c12",true
"VCEM-19","active-initial","1","newly-added","other-disallowed","valid","adversarial","actor-added-after-update","denied","denied","VCEMAudit: actor denied","0x05285206fe9a6ae3013ad2222d5331d9a728062baa65e7faccf399a0b3afc6da","","","","","0xdb966a8efa989f2ad9a354e9ca66814a1efc3fea23c05a90b7f1b5806b063c12",true
"VCEM-20","active-initial","1","revoked-or-mismatched","other-disallowed","valid","nominal","nominal-control","denied","denied","VCEMAudit: inactive requestor","0x906b639ce9163e729a6d3e235bfa46559fdf7f83ad263cb13733a58db972906b","","","","","0x21f5ed95279f0f52ffbc18325d52cc2aa04051e50121cf9ed4ddd7d17ed02082",true
"VCEM-20","active-initial","1","revoked-or-mismatched","other-disallowed","valid","adversarial","revoked-actor","denied","denied","VCEMAudit: inactive requestor","0x5bc8279f738bda4da78e355b423f300062826da5200e5fd9c83712b63df22da3","","","","","0x21f5ed95279f0f52ffbc18325d52cc2aa04051e50121cf9ed4ddd7d17ed02082",true
"VCEM-21","modified-active","2","authorized","treatment","valid","nominal","nominal-control","authorized","authorized","","0xded62afe21d6556a6cb070585ddfa5381cd75d4372f63f80c90578f6ef142b43","0x310fb66af2ec1857eb8aacb16ef1da5931d4004fd3b8e9a22acbb9e8fbdda946","1074","0","0","0xc5485663e9454c6c8515d18fd824e1a858e0fcc1baac2edf4a0974d14b1d382d",true
"VCEM-21","modified-active","2","authorized","treatment","valid","adversarial","replayed-request","denied","denied","VCEMAudit: replayed request","0x6d04334f3773685429bf1701071b9533b9993d78b8b45908b11c4fec64baf15d","","","","","0xc5485663e9454c6c8515d18fd824e1a858e0fcc1baac2edf4a0974d14b1d382d",true
"VCEM-22","modified-active","2","unauthorized","treatment","valid","nominal","nominal-control","denied","denied","VCEMAudit: actor denied","0x032d2746a2a93ab4ee6e1297d13f37180834e3ed5ed4e466af8053105c819940","","","","","0xbda58dd97a617944fb3c0d51d1c19019ae131a5dec41b5fa43939c956366f06f",true
"VCEM-22","modified-active","2","unauthorized","treatment","valid","adversarial","unauthorized-active-researcher","denied","denied","VCEMAudit: actor denied","0xc55c6f7cdf5660588785b32831fbb058fb49d183acec6ab30844280f1403f02e","","","","","0xbda58dd97a617944fb3c0d51d1c19019ae131a5dec41b5fa43939c956366f06f",true
"VCEM-23","modified-active","2","removed-after-modification","treatment","valid","nominal","nominal-control","denied","denied","VCEMAudit: actor denied","0xbbf053e895ee2d017a6e59db2fa3600c52cea225b4333362cf5e7a8cb3693832","","","","","0xc5161826f427434c9d2aa744fe526fb1d9d6e5910995e367c39260fcdf81c766",true
"VCEM-23","modified-active","2","removed-after-modification","treatment","valid","adversarial","actor-removed-after-update","denied","denied","VCEMAudit: actor denied","0x5d935da807bd812070a78ffe1d998978a8605549b32a6b56cc49a14d91439286","","","","","0xc5161826f427434c9d2aa744fe526fb1d9d6e5910995e367c39260fcdf81c766",true
"VCEM-24","modified-active","2","newly-added","treatment","valid","nominal","nominal-control","authorized","authorized","","0xbeb6c2d175fdba8a3d58281f7943d078a6dedf78423dabda7418e3cc6e5bf822","0x86ec4ddca5160153bfc2f36e5a7bdc3fcef9d884ff1fa55bda3bf83b82a6c43a","1126","0","0","0xce20fba65bc6977a7b9cb1d2f9aaa82078c142e6d3bcf407b9cc688dc4de701c",true
"VCEM-24","modified-active","2","newly-added","treatment","valid","adversarial","malformed-purpose","denied","denied","VCEMAudit: invalid purpose","0x5c07368e1c44bbcf9c7c7c5fdd95c2a745a4399e297970bee67f629fe97510c3","","","","","0xce20fba65bc6977a7b9cb1d2f9aaa82078c142e6d3bcf407b9cc688dc4de701c",true
"VCEM-25","modified-active","2","revoked-or-mismatched","treatment","valid","nominal","nominal-control","denied","denied","VCEMAudit: inactive requestor","0x1f047b76b28102385dd0f2b74b687ca386b9e801d3e58fd5f9e71fd71dee0d30","","","","","0xb35e6209d90396d7f181781a9a161824eb1bc6bc74c27438060349657f26ccc7",true
"VCEM-25","modified-active","2","revoked-or-mismatched","treatment","valid","adversarial","active-role-mismatched-actor","denied","denied","VCEMAudit: inactive requestor","0xb0c0edf6af0b8aee5543d9c2054310de0f348c33918b67fcac6768c342014df5","","","","","0xb35e6209d90396d7f181781a9a161824eb1bc6bc74c27438060349657f26ccc7",true
"VCEM-26","modified-active","2","authorized","research","valid","nominal","nominal-control","authorized","authorized","","0x47083e821bf26e4de9497740d33cb6ff51ff502295e6ed9ba77afb65518fa209","0x58582ea2b251d71bfe08d76e64e84e8cb31ec5670e61e06b4581eeda753143fd","1161","0","0","0x6ab654c269f102af266bdfed3731b6d8450a95f8b0c26defea5aa929cf9ba4dc",true
"VCEM-26","modified-active","2","authorized","research","valid","adversarial","stale-consent-hash","denied","denied","VCEMAudit: outdated consent hash","0x0a474b6d0cb13eaadde65b4b854cb0a8a62ea05bf896a0d8bfcc28f5fc2040a6","","","","","0x6ab654c269f102af266bdfed3731b6d8450a95f8b0c26defea5aa929cf9ba4dc",true
"VCEM-27","modified-active","2","unauthorized","research","valid","nominal","nominal-control","denied","denied","VCEMAudit: actor denied","0x2c7e0368edf69cbbc3d512bc66b202f95ffe16ef675f9cd5cd5ea8af7dfccb00","","","","","0x36ab3e00f6e44cab4efd6e7d37cb51d4d5ab37386ea90d07b7b14f486ef3d168",true
"VCEM-27","modified-active","2","unauthorized","research","valid","adversarial","unauthorized-active-researcher","denied","denied","VCEMAudit: actor denied","0xda1075ad8bc900fdc6773245af24247f318d4539e2e00c1b347714e0bb1d6ff8","","","","","0x36ab3e00f6e44cab4efd6e7d37cb51d4d5ab37386ea90d07b7b14f486ef3d168",true
"VCEM-28","modified-active","2","removed-after-modification","research","valid","nominal","nominal-control","denied","denied","VCEMAudit: actor denied","0x23e736bc0fd96f386a8d8bb5c83ad6ba84f0a9736d2e93dce93fed84a8516009","","","","","0x2bdeccbe49fe4270fb7e1922462635188a9ad3d1eaf0da2483150fab67c02932",true
"VCEM-28","modified-active","2","removed-after-modification","research","valid","adversarial","actor-removed-after-update","denied","denied","VCEMAudit: actor denied","0xcd0a7fe2a9fa5a8eb0a75a78d18285294d4b691bc1ae6f6dcad43d6545702bb6","","","","","0x2bdeccbe49fe4270fb7e1922462635188a9ad3d1eaf0da2483150fab67c02932",true
"VCEM-29","modified-active","2","newly-added","research","valid","nominal","nominal-control","authorized","authorized","","0xd7e5046ed53cc194863bf5aca2c425efbc18e3baff5a10f2d53c3890137a4296","0xac632f7fa68683802b111553fe5c6511d4ca1fb6ecd77bee07415ef18caeadf0","1212","0","0","0x40692a273330434998768e936638abefe5ff36588cda6640d789bec3b0560583",true
"VCEM-29","modified-active","2","newly-added","research","valid","adversarial","stale-actor-root","denied","denied","VCEMAudit: outdated consent hash","0x9c0d1cc8119b4b45936a21d598e3a09dff489727bd99719291883e6ccbd699b4","","","","","0x40692a273330434998768e936638abefe5ff36588cda6640d789bec3b0560583",true
"VCEM-30","modified-active","2","revoked-or-mismatched","research","valid","nominal","nominal-control","denied","denied","VCEMAudit: inactive requestor","0x004c0ee4fa594b0d2fc75b5b30ae12921eb3e8cffe6ddf9388cf69e15007af39","","","","","0xb6f059f56165ccd57fd5294c6c2ca081a343fa85db720dadf6c3f21f00cffd24",true
"VCEM-30","modified-active","2","revoked-or-mismatched","research","valid","adversarial","revoked-actor","denied","denied","VCEMAudit: inactive requestor","0x1cbb3ab42c30c25655ad4e0c5e160eb7a80ab58cfcb175eb297aa2ccd1ac1bf5","","","","","0xb6f059f56165ccd57fd5294c6c2ca081a343fa85db720dadf6c3f21f00cffd24",true
"VCEM-31","modified-active","2","authorized","public-health","valid","nominal","nominal-control","authorized","authorized","","0xb9dc0f58a38f9e5dae369ca8ecca0b0cf4697e71ae89716ea2f0d82bf1ae6001","0xced7a59b59f460eae3079db410b0e576695e2273ee8825f49dd6c576163bde95","1248","0","0","0xfe5d9c4ecd9e1d98b7772e4311d2f5b69bcc3d94220b49f64698f96aba490c78",true
"VCEM-31","modified-active","2","authorized","public-health","invalid","adversarial","invalid-scope","denied","denied","VCEMAudit: scope denied","0x9b5e5e3adbbac881860dd63ea8f0c8478317ca24c86bbff30b345b880a0a2c2c","","","","","0xfe5d9c4ecd9e1d98b7772e4311d2f5b69bcc3d94220b49f64698f96aba490c78",true
"VCEM-32","modified-active","2","unauthorized","public-health","valid","nominal","nominal-control","denied","denied","VCEMAudit: actor denied","0x92905eaeefa5e92940e27b3039dc88fbeb5f92b33a12595888cac8d7f869527c","","","","","0xee72147516c074b2ae71536e531cf5e467df2b52cd8767a4e2fafffef9642736",true
"VCEM-32","modified-active","2","unauthorized","public-health","valid","adversarial","unauthorized-active-researcher","denied","denied","VCEMAudit: actor denied","0x1815851d8aafa094668f7517c808f5cf2fac9ae88038e12d84621693ac929fe2","","","","","0xee72147516c074b2ae71536e531cf5e467df2b52cd8767a4e2fafffef9642736",true
"VCEM-33","modified-active","2","removed-after-modification","public-health","valid","nominal","nominal-control","denied","denied","VCEMAudit: actor denied","0x632131f78e98b7ad64dcece8764f7472b4a5ccd73ea94196bdeec27b0eba623c","","","","","0x9d5d26945cb252b8aa721bfb3bcbe474bbbb777720322ba1a9bc984058c183cc",true
"VCEM-33","modified-active","2","removed-after-modification","public-health","valid","adversarial","actor-removed-after-update","denied","denied","VCEMAudit: actor denied","0x1caae750a493c7315e44fed433fea7fb28c55da3874d47318403f087b0b5665b","","","","","0x9d5d26945cb252b8aa721bfb3bcbe474bbbb777720322ba1a9bc984058c183cc",true
"VCEM-34","modified-active","2","newly-added","public-health","valid","nominal","nominal-control","authorized","authorized","","0xb002a9a220031f2ac8d95d402e0f4dfcc8ddfcae8afaa03d867fac3ace008812","0xfae21a73a4040257c502cbe12111b955abd04671b8808f514973216fe440c789","1298","0","0","0x534055daaf0e0c71ef6860cce51b42674940a1c23e81792868afca54679fae6a",true
"VCEM-34","modified-active","2","newly-added","public-health","valid","adversarial","tampered-data-hash","denied","denied","VCEMAudit: data hash denied","0x5009edc2989b027a12763c20fd570f2033d4cee6e5f3dab31241993307718324","","","","","0x534055daaf0e0c71ef6860cce51b42674940a1c23e81792868afca54679fae6a",true
"VCEM-35","modified-active","2","revoked-or-mismatched","public-health","valid","nominal","nominal-control","denied","denied","VCEMAudit: inactive requestor","0x3a236498da484577d4eb60999af718fa0a4dc6f70ba3f2a9c036480f0d8664c5","","","","","0x5482756f5ab7d8e1010975df8b607891c2c8baa6ad1d412d5c24bb6287a8dad8",true
"VCEM-35","modified-active","2","revoked-or-mismatched","public-health","valid","adversarial","active-role-mismatched-actor","denied","denied","VCEMAudit: inactive requestor","0xb337d560db9310be8ff141b8eeb36db629bd66803c29b5228a8cbf9a7a587c22","","","","","0x5482756f5ab7d8e1010975df8b607891c2c8baa6ad1d412d5c24bb6287a8dad8",true
"VCEM-36","modified-active","2","authorized","other-disallowed","valid","nominal","nominal-control","denied","denied","VCEMAudit: purpose denied","0x536d87faf61ead6036222005a569877c092c87c55809d5ea1a3b3ddbf2e36032","","","","","0x93b753923d57252b102087b0874317416645ad6f6a42f89bbe9865d664e5bcd8",true
"VCEM-36","modified-active","2","authorized","other-disallowed","valid","adversarial","valid-policy-disallowed-purpose","denied","denied","VCEMAudit: purpose denied","0x8f74c23cedbcab519df3a997b02fa4c904d83d2037ee21e2c40c2212534a6a54","","","","","0x93b753923d57252b102087b0874317416645ad6f6a42f89bbe9865d664e5bcd8",true
"VCEM-37","modified-active","2","unauthorized","other-disallowed","valid","nominal","nominal-control","denied","denied","VCEMAudit: actor denied","0xf333a4be5ad33aa2d848f4192c6a99e90b88778efd57bcdfeb4d6b2b6279f6d2","","","","","0x73455948dd63ceaf011dd8c4a5a21daa00887a611da19ebc5756d66179cfd101",true
"VCEM-37","modified-active","2","unauthorized","other-disallowed","valid","adversarial","unauthorized-active-researcher","denied","denied","VCEMAudit: actor denied","0xb5ac046f2b42cd6a0a677d7f7d23db709f20c24f30445424662a1834d7eaac2b","","","","","0x73455948dd63ceaf011dd8c4a5a21daa00887a611da19ebc5756d66179cfd101",true
"VCEM-38","modified-active","2","removed-after-modification","other-disallowed","valid","nominal","nominal-control","denied","denied","VCEMAudit: actor denied","0xe474522590f0a7148f50aff6cb83411f4b220acac701479ebc117c544a3e76dc","","","","","0xf7a55b46c037441156fcbcc08f037343af8f389f2c807d11aca4ff2e89fbfe24",true
"VCEM-38","modified-active","2","removed-after-modification","other-disallowed","valid","adversarial","actor-removed-after-update","denied","denied","VCEMAudit: actor denied","0xc88a253bcd31fbd4abdd84e8a42e912dcfa8425800258a6131a4c3c9ad7ced57","","","","","0xf7a55b46c037441156fcbcc08f037343af8f389f2c807d11aca4ff2e89fbfe24",true
"VCEM-39","modified-active","2","newly-added","other-disallowed","valid","nominal","nominal-control","denied","denied","VCEMAudit: purpose denied","0xab46368b4af2000425a756be0cf5a5dd7660347afedc61e6ad3154bd20022562","","","","","0xd377b63e19299a5ac2e0770f77d43ac8f04508c966963de2ef834725fc9f17e8",true
"VCEM-39","modified-active","2","newly-added","other-disallowed","valid","adversarial","valid-policy-disallowed-purpose","denied","denied","VCEMAudit: purpose denied","0xd678e4a2578010e3867f3a700829db21a0d5e83f8f46e5002dacc02251d074e4","","","","","0xd377b63e19299a5ac2e0770f77d43ac8f04508c966963de2ef834725fc9f17e8",true
"VCEM-40","modified-active","2","revoked-or-mismatched","other-disallowed","valid","nominal","nominal-control","denied","denied","VCEMAudit: inactive requestor","0x1c85161f44cad9f98f77eaacb02397f0d70b72abfd6ec078741ea79ba66c5c7b","","","","","0xc2d2b523c6ce67ec441af1b3f89f7e2857e3915d86386120cf8bab582ba64e58",true
"VCEM-40","modified-active","2","revoked-or-mismatched","other-disallowed","valid","adversarial","revoked-actor","denied","denied","VCEMAudit: inactive requestor","0x1cdda62c874b0b8f5de0b27c32e0aa44bd1f444b7175870b63ddb07f46fbd6f3","","","","","0xc2d2b523c6ce67ec441af1b3f89f7e2857e3915d86386120cf8bab582ba64e58",true
"VCEM-41","revoked","2","authorized","treatment","valid","nominal","nominal-control","denied","denied","VCEMAudit: consent inactive","0x440765ef61ef10b6e390edd9e173496a030e8835304d380a48146c3c380274ea","","","","","0x882c64c88b3cc30b3d33167b2e1b0763bb0f90fd4e726c2570c3fc6338166517",true
"VCEM-41","revoked","2","authorized","treatment","valid","adversarial","post-revocation-access","denied","denied","VCEMAudit: consent inactive","0x4dbfdb6e0271e6bca248d1a1c9df9b47e62b57eef72beebaface02339cf47b7e","","","","","0x882c64c88b3cc30b3d33167b2e1b0763bb0f90fd4e726c2570c3fc6338166517",true
"VCEM-42","revoked","2","unauthorized","treatment","valid","nominal","nominal-control","denied","denied","VCEMAudit: consent inactive","0xbb161e8f6f106cf82b2b8649f15922d13e99bb2416b5e1e53d4e743ef074b5af","","","","","0x82f0fb3d2facdfc97682547b6643d90adfacee55052dda5de19256c5f95fd061",true
"VCEM-42","revoked","2","unauthorized","treatment","valid","adversarial","post-revocation-access","denied","denied","VCEMAudit: consent inactive","0x324d8dfe8909dc7109dde9ac148a85c8560e43c163a6072cf5431ba7d2dd1b7b","","","","","0x82f0fb3d2facdfc97682547b6643d90adfacee55052dda5de19256c5f95fd061",true
"VCEM-43","revoked","2","removed-after-modification","treatment","valid","nominal","nominal-control","denied","denied","VCEMAudit: consent inactive","0x0a99b9db7051ba739742fdf158c9e8346666f48cebdd770eda1ed84989def72e","","","","","0x6f4fcf8cefe5a4f93c9cdabc0afbb71afb5e95123c1cf245876349fec1a35a0a",true
"VCEM-43","revoked","2","removed-after-modification","treatment","valid","adversarial","post-revocation-access","denied","denied","VCEMAudit: consent inactive","0xcf9bed7eb43305a8c1c3cee2d1456a70f159815bcc0f3e04c67c1805826b42dd","","","","","0x6f4fcf8cefe5a4f93c9cdabc0afbb71afb5e95123c1cf245876349fec1a35a0a",true
"VCEM-44","revoked","2","newly-added","treatment","valid","nominal","nominal-control","denied","denied","VCEMAudit: consent inactive","0x4d465b6cc9e2418e5ab8916228f01be3c0e16a6054161fbae33749d2a22950a4","","","","","0xf286fb1f86d6efc07f7bfbc1894fbbff0efaa6459e5f2725d6dd965a7713b79b",true
"VCEM-44","revoked","2","newly-added","treatment","valid","adversarial","post-revocation-access","denied","denied","VCEMAudit: consent inactive","0xac8a4b2cca8c9ae0320eb5020601aa49b026d2834aab9ff6aefc75d92415c06c","","","","","0xf286fb1f86d6efc07f7bfbc1894fbbff0efaa6459e5f2725d6dd965a7713b79b",true
"VCEM-45","revoked","2","revoked-or-mismatched","treatment","valid","nominal","nominal-control","denied","denied","VCEMAudit: inactive requestor","0xeb717f3c133bb32596baf57caea7bd47fc0bdaee65269b579bee1d710d729af8","","","","","0x32db3a5b91a2138f366ad89132662b782ec28b12a33c20c9ca512291c74d6627",true
"VCEM-45","revoked","2","revoked-or-mismatched","treatment","valid","adversarial","post-revocation-access","denied","denied","VCEMAudit: consent inactive","0x2142823a2fe064ced6f2daffc7191d8383585f6674a52833428424ebfde0ba32","","","","","0x32db3a5b91a2138f366ad89132662b782ec28b12a33c20c9ca512291c74d6627",true
"VCEM-46","revoked","2","authorized","research","valid","nominal","nominal-control","denied","denied","VCEMAudit: consent inactive","0xfa6cbcef053791fdffb05e8c8963549dbc27428d90484ba193ff6f57b74b57df","","","","","0x45853bb02f8c15a8d9c036c41c8f22ff366ef7a1a7219f23cadfd199afa2650d",true
"VCEM-46","revoked","2","authorized","research","valid","adversarial","post-revocation-access","denied","denied","VCEMAudit: consent inactive","0xf5026893e6bda2c80a8cfffad8d1109c7e2e8a6bd72eb4831bcff184fef1bb5d","","","","","0x45853bb02f8c15a8d9c036c41c8f22ff366ef7a1a7219f23cadfd199afa2650d",true
"VCEM-47","revoked","2","unauthorized","research","valid","nominal","nominal-control","denied","denied","VCEMAudit: consent inactive","0x0c42772fa84c1207c67478fba56e0608afc7a547a397c27fee2dcff00506f12d","","","","","0xe503a5aca91acff7a440fd1d91d72d0ae4d029264817907ac4a4f35d3eb12eeb",true
"VCEM-47","revoked","2","unauthorized","research","valid","adversarial","post-revocation-access","denied","denied","VCEMAudit: consent inactive","0xaca8dddc087968c85cacfc00bacaaf859b2f2007be9dd3022042b51058f0ca1e","","","","","0xe503a5aca91acff7a440fd1d91d72d0ae4d029264817907ac4a4f35d3eb12eeb",true
"VCEM-48","revoked","2","removed-after-modification","research","valid","nominal","nominal-control","denied","denied","VCEMAudit: consent inactive","0x433a29bd8b68e1967c8e292c3476e4738703bb8f1ead723893d9c07286affc31","","","","","0x8c7ff613c773ea5c3ef89d9ab62dea3256bed76306e8fe50b213b2338880cbb5",true
"VCEM-48","revoked","2","removed-after-modification","research","valid","adversarial","post-revocation-access","denied","denied","VCEMAudit: consent inactive","0x1900c3e855bb75458a3945ce9e7cf234d40dfcec065544eb9aeab452d5e506ec","","","","","0x8c7ff613c773ea5c3ef89d9ab62dea3256bed76306e8fe50b213b2338880cbb5",true
"VCEM-49","revoked","2","newly-added","research","valid","nominal","nominal-control","denied","denied","VCEMAudit: consent inactive","0xc6db4f2cd91f0a2b092e11d160483cf0bf2cc30e6b5e5d1a535f8050ec8f5aaf","","","","","0xb6ab3b0f54a3a75b1543459a2f8752af2b8fb185bea2cb7db95beb92e93948ad",true
"VCEM-49","revoked","2","newly-added","research","valid","adversarial","post-revocation-access","denied","denied","VCEMAudit: consent inactive","0xa5d2657b46dda26dd6104613bee18fd954a319d47df111173b966ed53515fdc0","","","","","0xb6ab3b0f54a3a75b1543459a2f8752af2b8fb185bea2cb7db95beb92e93948ad",true
"VCEM-50","revoked","2","revoked-or-mismatched","research","valid","nominal","nominal-control","denied","denied","VCEMAudit: inactive requestor","0x31336087dbff83bdbbb1586b7c3348a9fb11780eb865f1e7fc26cfdc10e1a5cc","","","","","0x51b5913e396b5b75fdbad74423b96db9a3c517b30d212f6b1b4bfe03a03f8d47",true
"VCEM-50","revoked","2","revoked-or-mismatched","research","valid","adversarial","post-revocation-access","denied","denied","VCEMAudit: consent inactive","0x9814ec9f340c81194e741a05d8b8b8da774099fe312cfd73c9b467bc7f0c7c9f","","","","","0x51b5913e396b5b75fdbad74423b96db9a3c517b30d212f6b1b4bfe03a03f8d47",true
"VCEM-51","revoked","2","authorized","public-health","valid","nominal","nominal-control","denied","denied","VCEMAudit: consent inactive","0x110e390a2afddc7dc97a6cc08b49d91bad74f3294de61113801c8fe558026163","","","","","0x7d7f4a880da0da2c6804e49225914cdbf11d3911c0b6f1e4913e2fb58813fa8a",true
"VCEM-51","revoked","2","authorized","public-health","valid","adversarial","post-revocation-access","denied","denied","VCEMAudit: consent inactive","0x97b828757cde5305d7af8dcf9f57ade56379a65f8044a59d3f500c68dc049d56","","","","","0x7d7f4a880da0da2c6804e49225914cdbf11d3911c0b6f1e4913e2fb58813fa8a",true
"VCEM-52","revoked","2","unauthorized","public-health","valid","nominal","nominal-control","denied","denied","VCEMAudit: consent inactive","0x04e99b631905d8c52eee429605746d9826b0cd9eaff16231b4ffc317946bae2e","","","","","0x2938ffef28b23fe2d028633c1e8f33d2659d66ce22ddc7a9619541e9e2a85a00",true
"VCEM-52","revoked","2","unauthorized","public-health","valid","adversarial","post-revocation-access","denied","denied","VCEMAudit: consent inactive","0x77d1662361ea900a6a843091f4c7914f602177c2957783be730fd2d74d653830","","","","","0x2938ffef28b23fe2d028633c1e8f33d2659d66ce22ddc7a9619541e9e2a85a00",true
"VCEM-53","revoked","2","removed-after-modification","public-health","valid","nominal","nominal-control","denied","denied","VCEMAudit: consent inactive","0x88f9ba4164905620909ad4891c23affbfe77b5f20d7462877b3965834ce1acda","","","","","0xa961a486a59d8e24db1574617c9ea1b50fc89dfe0321c3a48b22c87f87288e61",true
"VCEM-53","revoked","2","removed-after-modification","public-health","valid","adversarial","post-revocation-access","denied","denied","VCEMAudit: consent inactive","0x820e7705e0e9efd6f528fdeffc3dea6e88424a68b9bf37787f3b774ee5bfe038","","","","","0xa961a486a59d8e24db1574617c9ea1b50fc89dfe0321c3a48b22c87f87288e61",true
"VCEM-54","revoked","2","newly-added","public-health","valid","nominal","nominal-control","denied","denied","VCEMAudit: consent inactive","0x58025431fbcbb3b4571a30807e7f8a961d37368b82441a709e0ae06d82b03e35","","","","","0x926c5e77d241eb8010b920a3e40f034a8ac09c8e42a307694bacc7f6bcbc8cab",true
"VCEM-54","revoked","2","newly-added","public-health","valid","adversarial","post-revocation-access","denied","denied","VCEMAudit: consent inactive","0xf359c9f820e59ca8072beccd67dc9577d0b55f99c84c19f88a56ac2f17cd479f","","","","","0x926c5e77d241eb8010b920a3e40f034a8ac09c8e42a307694bacc7f6bcbc8cab",true
"VCEM-55","revoked","2","revoked-or-mismatched","public-health","valid","nominal","nominal-control","denied","denied","VCEMAudit: inactive requestor","0xa9b6b6a0f85777fab3c7fcc700c8d7f98cfa573e2578ddb3140d4feb0c4b1e55","","","","","0x6bd79e1bf07735e77da267eda76c75ee860b66aacb9ad28e06cff38c004268d3",true
"VCEM-55","revoked","2","revoked-or-mismatched","public-health","valid","adversarial","post-revocation-access","denied","denied","VCEMAudit: consent inactive","0xc8ae8ccdc9fadff7d6177aac1e6b380ee56a97c6b4e30bade6c8179e3bc5f0b5","","","","","0x6bd79e1bf07735e77da267eda76c75ee860b66aacb9ad28e06cff38c004268d3",true
"VCEM-56","revoked","2","authorized","other-disallowed","valid","nominal","nominal-control","denied","denied","VCEMAudit: consent inactive","0xe72b555811d1f884381e08f3c252be612bf1ad26e329fd43a412fe037ccd64b3","","","","","0x0d6d9124f042e136d9839a44f9442e8a7c2598a7dcd7baf0e70eb532f6c5dbe7",true
"VCEM-56","revoked","2","authorized","other-disallowed","valid","adversarial","post-revocation-access","denied","denied","VCEMAudit: consent inactive","0x12778ffe7c20aa5c105a3e64223a4edaf5c45737edce776efc53bf402f6fa736","","","","","0x0d6d9124f042e136d9839a44f9442e8a7c2598a7dcd7baf0e70eb532f6c5dbe7",true
"VCEM-57","revoked","2","unauthorized","other-disallowed","valid","nominal","nominal-control","denied","denied","VCEMAudit: consent inactive","0x8fe91d06f6a9167b505e699db844e8101c34c768a7e8a35019da8cde4ec1c7af","","","","","0x6295763a133fc66e27d0e74b40a33dfdaf60200548bea2da04555dfc446d3010",true
"VCEM-57","revoked","2","unauthorized","other-disallowed","valid","adversarial","post-revocation-access","denied","denied","VCEMAudit: consent inactive","0x19602175be6b7dcf0bd0e3e204f421754a04f64199870effdedf06621ca8dfb4","","","","","0x6295763a133fc66e27d0e74b40a33dfdaf60200548bea2da04555dfc446d3010",true
"VCEM-58","revoked","2","removed-after-modification","other-disallowed","valid","nominal","nominal-control","denied","denied","VCEMAudit: consent inactive","0x977cbb66c008e7d9857f6b2e51ad45088e38f418808de703b4bbd794e734486d","","","","","0x457eee5ca70b7f02563ea43d2d902ac646a5f59effeab042c8b5d2809a05103d",true
"VCEM-58","revoked","2","removed-after-modification","other-disallowed","valid","adversarial","post-revocation-access","denied","denied","VCEMAudit: consent inactive","0xd83b8f3cf61fb978fdfd7b9b610fe6e0f6cb699f7c009850477ca622d2d4a56d","","","","","0x457eee5ca70b7f02563ea43d2d902ac646a5f59effeab042c8b5d2809a05103d",true
"VCEM-59","revoked","2","newly-added","other-disallowed","valid","nominal","nominal-control","denied","denied","VCEMAudit: consent inactive","0xd3dc6e97d79cdef0f94d212bbb0846c7b3689a7bc48e16e0aa271a8415f1ed08","","","","","0xb318d3a325d5649089d7b15a61f74206889c03a9ae26529f229f7affd0db841a",true
"VCEM-59","revoked","2","newly-added","other-disallowed","valid","adversarial","post-revocation-access","denied","denied","VCEMAudit: consent inactive","0x4e388ea30429cc71a603b3920da002071d40d86e2432679d80b825b7a368d89d","","","","","0xb318d3a325d5649089d7b15a61f74206889c03a9ae26529f229f7affd0db841a",true
"VCEM-60","revoked","2","revoked-or-mismatched","other-disallowed","valid","nominal","nominal-control","denied","denied","VCEMAudit: inactive requestor","0x572c4254405d6c0e55e27b6ce449b35e93ce387f4a3fefab7b2c406820b7b574","","","","","0x2f6eeefb286b38b769046c984c02688aa53491f891af57a6b18b16c972e082a0",true
"VCEM-60","revoked","2","revoked-or-mismatched","other-disallowed","valid","adversarial","post-revocation-access","denied","denied","VCEMAudit: consent inactive","0xcfb5ff82c197a2c5eb503b80b6872131ca0c1d99e7ee24d37cfb0ed93647387e","","","","","0x2f6eeefb286b38b769046c984c02688aa53491f891af57a6b18b16c972e082a0",true